{"type": "block", "layer": 0, "block": 0, "features": [{"geom": {"lines": [[39.331414240412414, 13.02853096742183, 0.0, 21.63227783225011, 40.06887825764716, 0.0]]}, "mtl": 0}], "featureCount": 1, "startIndex": 0}