{"type": "block", "layer": 0, "block": 0, "features": [{"geom": {"lines": [[-6.422082481207326, 1.859023878350854, 0.0, 3.4107710785465315, 6.882997492328286, 0.0, 6.422082481323741, 0.9218300189822912, 0.0, 2.304575053160079, -4.97788211517036, 0.0, -1.0140130233485252, -6.882997492328286, 0.0, -6.422082481207326, 1.859023878350854, 0.0]]}, "mtl": 0}], "featureCount": 1, "startIndex": 0}