{"type": "block", "layer": 0, "block": 0, "features": [{"geom": {"lines": [[-55.00252460129559, 15.986068955622613, 0.0, -45.16967104154173, 21.010042569600046, 0.0, -42.15835963876452, 15.04887509625405, 0.0, -46.275867066928186, 9.1491629621014, 0.0, -49.59445514343679, 7.244047584943473, 0.0, -55.00252460129559, 15.986068955622613, 0.0]]}, "mtl": 0}], "featureCount": 1, "startIndex": 0}