{"type": "block", "layer": 0, "block": 0, "features": [{"geom": {"lines": [[-0.0006489474701556475, 0.00014643165209093922, 0.0, -0.0005324814366609587, 0.000191259170847502, 0.0, -0.0004972456027783068, 0.00013742490203583202, 0.0, -0.0005462343296986916, 8.445728108341655e-05, 0.0, -0.000585553631736957, 6.744047144735532e-05, 0.0, -0.0006489474701556475, 0.00014643165209093922, 0.0]]}, "mtl": 0}], "featureCount": 1, "startIndex": 0}