{"type": "block", "layer": 0, "block": 0, "features": [{"geom": {"lines": [[-24.911249422468245, 10.175169006921351, 0.0, -15.078395862714387, 15.199142620898783, 0.0, -12.067084459937178, 9.237975147552788, 0.0, -16.18459188810084, 3.3382630134001374, 0.0, -19.503179964609444, 1.4331476362422109, 0.0, -24.911249422468245, 10.175169006921351, 0.0]]}, "mtl": 0}], "featureCount": 1, "startIndex": 0}